FPR,TPR,Threshold
0.0,0.0,[1.54246099 0.54246099 0.4968973  0.47274517]
0.004405286343612335,0.0,[1.54246099 0.54246099 0.4968973  0.47274517]
1.0,0.0,[1.54246099 0.54246099 0.4968973  0.47274517]
1.0,1.0,[1.54246099 0.54246099 0.4968973  0.47274517]
