FPR,TPR,Threshold
0.0,0.0,[1.50029266 0.50029266 0.49931907 0.49885146]
0.003952569169960474,0.0,[1.50029266 0.50029266 0.49931907 0.49885146]
1.0,0.0,[1.50029266 0.50029266 0.49931907 0.49885146]
1.0,1.0,[1.50029266 0.50029266 0.49931907 0.49885146]
